customer_id,first_name,last_name,country,city,email,registration_date
1001,William,Lopez,Netherlands,Rotterdam,william.lopez_0@email.com,2022-04-13
1002,Jane,Jones,Spain,Barcelona,jane.jones_1@email.com,2023-03-12
1003,John,Martinez,Poland,Warsaw,john.martinez_2@email.com,2022-09-28
1004,Patricia,Gonzalez,France,Lyon,patricia.gonzalez_3@email.com,2022-04-17
1005,David,Hernandez,UK,Manchester,david.hernandez_4@email.com,2022-03-13
1006,Sarah,Rodriguez,Spain,Barcelona,sarah.rodriguez_5@email.com,2023-12-02
1007,Sarah,Smith,Canada,Vancouver,sarah.smith_6@email.com,2022-01-21
1008,Michael,Hernandez,France,Lyon,michael.hernandez_7@email.com,2023-09-07
1009,Patricia,Rodriguez,Canada,Montreal,patricia.rodriguez_8@email.com,2022-05-02
1010,Jane,Jones,Netherlands,Amsterdam,jane.jones_9@email.com,2023-04-12
1011,William,Hernandez,Poland,Krakow,william.hernandez_10@email.com,2022-08-03
1012,Patricia,Johnson,USA,Houston,patricia.johnson_11@email.com,2022-11-27
1013,Thomas,Williams,Canada,Vancouver,thomas.williams_12@email.com,2023-04-04
1014,James,Jones,Poland,Wroclaw,james.jones_13@email.com,2022-03-29
1015,Jane,Johnson,Germany,Munich,jane.johnson_14@email.com,2023-01-08
1016,Mary,Johnson,Canada,Vancouver,mary.johnson_15@email.com,2022-04-10
1017,Robert,Lopez,France,Paris,robert.lopez_16@email.com,2023-10-26
1018,John,Rodriguez,Poland,Wroclaw,john.rodriguez_17@email.com,2022-05-11
1019,John,Williams,Spain,Barcelona,john.williams_18@email.com,2023-10-24
1020,Jane,Jones,Poland,Warsaw,jane.jones_19@email.com,2022-11-05
1021,Sarah,Jones,Spain,Madrid,sarah.jones_20@email.com,2022-12-10
1022,Sarah,Martinez,Spain,Madrid,sarah.martinez_21@email.com,2023-05-07
1023,James,Brown,USA,New York,james.brown_22@email.com,2023-02-18
1024,Mary,Lopez,France,Lyon,mary.lopez_23@email.com,2023-01-21
1025,John,Garcia,UK,London,john.garcia_24@email.com,2022-07-11
1026,James,Brown,France,Marseille,james.brown_25@email.com,2022-10-04
1027,Sarah,Hernandez,Netherlands,The Hague,sarah.hernandez_26@email.com,2022-06-10
1028,Patricia,Hernandez,Canada,Vancouver,patricia.hernandez_27@email.com,2023-04-05
1029,William,Jones,France,Paris,william.jones_28@email.com,2022-11-10
1030,Patricia,Rodriguez,Canada,Montreal,patricia.rodriguez_29@email.com,2022-01-22
1031,James,Davis,Canada,Toronto,james.davis_30@email.com,2022-09-10
1032,Robert,Jones,Canada,Montreal,robert.jones_31@email.com,2023-07-15
1033,Sarah,Smith,USA,Chicago,sarah.smith_32@email.com,2023-04-20
1034,Lisa,Johnson,UK,Liverpool,lisa.johnson_33@email.com,2022-02-28
1035,Mary,Hernandez,Spain,Madrid,mary.hernandez_34@email.com,2023-05-26
1036,David,Miller,France,Lyon,david.miller_35@email.com,2023-11-13
1037,Richard,Jones,Netherlands,Rotterdam,richard.jones_36@email.com,2023-04-21
1038,Jennifer,Smith,France,Marseille,jennifer.smith_37@email.com,2023-12-01
1039,John,Smith,Spain,Barcelona,john.smith_38@email.com,2022-07-09
1040,Richard,Garcia,Poland,Wroclaw,richard.garcia_39@email.com,2023-11-18
1041,Richard,Gonzalez,Canada,Toronto,richard.gonzalez_40@email.com,2023-07-17
1042,Michael,Williams,Poland,Krakow,michael.williams_41@email.com,2023-07-21
1043,Patricia,Hernandez,Netherlands,The Hague,patricia.hernandez_42@email.com,2022-09-01
1044,Robert,Jones,Poland,Krakow,robert.jones_43@email.com,2023-05-20
1045,Emma,Williams,Poland,Krakow,emma.williams_44@email.com,2022-05-11
1046,David,Lopez,Canada,Toronto,david.lopez_45@email.com,2023-04-30
1047,Michael,Davis,Spain,Valencia,michael.davis_46@email.com,2023-10-09
1048,Sarah,Rodriguez,Spain,Valencia,sarah.rodriguez_47@email.com,2022-01-21
1049,Richard,Lopez,Spain,Madrid,richard.lopez_48@email.com,2022-06-16
1050,Emma,Miller,France,Paris,emma.miller_49@email.com,2022-10-01
1051,Jane,Rodriguez,UK,Liverpool,jane.rodriguez_50@email.com,2023-01-23
1052,Jane,Smith,France,Lyon,jane.smith_51@email.com,2023-08-24
1053,Robert,Johnson,Poland,Warsaw,robert.johnson_52@email.com,2022-11-12
1054,Jane,Johnson,UK,London,jane.johnson_53@email.com,2022-01-14
1055,Emma,Lopez,Germany,Munich,emma.lopez_54@email.com,2022-08-30
1056,Jennifer,Williams,France,Marseille,jennifer.williams_55@email.com,2022-12-12
1057,Emma,Rodriguez,France,Lyon,emma.rodriguez_56@email.com,2023-07-19
1058,Mary,Smith,Canada,Toronto,mary.smith_57@email.com,2022-12-06
1059,David,Garcia,Spain,Barcelona,david.garcia_58@email.com,2022-04-02
1060,Richard,Martinez,Spain,Valencia,richard.martinez_59@email.com,2023-01-02
1061,John,Rodriguez,UK,London,john.rodriguez_60@email.com,2023-03-31
1062,Patricia,Williams,France,Lyon,patricia.williams_61@email.com,2023-03-04
1063,Lisa,Miller,Spain,Valencia,lisa.miller_62@email.com,2023-05-24
1064,James,Williams,France,Marseille,james.williams_63@email.com,2022-02-04
1065,Jane,Smith,Poland,Wroclaw,jane.smith_64@email.com,2022-07-25
1066,Thomas,Jones,Germany,Hamburg,thomas.jones_65@email.com,2022-03-22
1067,Robert,Garcia,Spain,Valencia,robert.garcia_66@email.com,2023-07-16
1068,Jane,Gonzalez,USA,New York,jane.gonzalez_67@email.com,2023-01-23
1069,James,Smith,Germany,Hamburg,james.smith_68@email.com,2022-01-02
1070,David,Garcia,Spain,Valencia,david.garcia_69@email.com,2023-01-25
1071,Jennifer,Brown,USA,Chicago,jennifer.brown_70@email.com,2023-07-20
1072,William,Hernandez,USA,New York,william.hernandez_71@email.com,2022-04-16
1073,Mary,Brown,Spain,Madrid,mary.brown_72@email.com,2023-04-22
1074,Thomas,Hernandez,Germany,Munich,thomas.hernandez_73@email.com,2023-12-04
1075,Jennifer,Johnson,Canada,Montreal,jennifer.johnson_74@email.com,2023-02-06
1076,Emma,Garcia,UK,Manchester,emma.garcia_75@email.com,2023-12-31
1077,Mary,Gonzalez,USA,Chicago,mary.gonzalez_76@email.com,2023-07-10
1078,Sarah,Rodriguez,Spain,Barcelona,sarah.rodriguez_77@email.com,2022-06-11
1079,Patricia,Miller,Canada,Toronto,patricia.miller_78@email.com,2022-07-21
1080,Jane,Martinez,Canada,Toronto,jane.martinez_79@email.com,2022-09-27
1081,John,Lopez,Canada,Toronto,john.lopez_80@email.com,2022-09-28
1082,William,Williams,Poland,Wroclaw,william.williams_81@email.com,2023-04-01
1083,Sarah,Brown,Germany,Hamburg,sarah.brown_82@email.com,2023-04-07
1084,Richard,Williams,USA,Houston,richard.williams_83@email.com,2023-12-28
1085,David,Gonzalez,Spain,Madrid,david.gonzalez_84@email.com,2022-09-09
1086,Jane,Gonzalez,Canada,Toronto,jane.gonzalez_85@email.com,2023-12-03
1087,Jennifer,Williams,UK,Liverpool,jennifer.williams_86@email.com,2022-10-23
1088,Sarah,Miller,UK,Liverpool,sarah.miller_87@email.com,2023-12-26
1089,Jennifer,Smith,Netherlands,Amsterdam,jennifer.smith_88@email.com,2023-12-21
1090,Jane,Williams,Canada,Toronto,jane.williams_89@email.com,2022-12-04
1091,Robert,Lopez,UK,Liverpool,robert.lopez_90@email.com,2022-02-22
1092,David,Garcia,USA,Los Angeles,david.garcia_91@email.com,2022-08-05
1093,Lisa,Gonzalez,Germany,Munich,lisa.gonzalez_92@email.com,2022-07-07
1094,William,Miller,Germany,Munich,william.miller_93@email.com,2023-01-15
1095,Jennifer,Gonzalez,Spain,Barcelona,jennifer.gonzalez_94@email.com,2023-05-08
1096,Emma,Hernandez,UK,Manchester,emma.hernandez_95@email.com,2022-02-10
1097,Michael,Lopez,France,Paris,michael.lopez_96@email.com,2022-06-06
1098,Emma,Gonzalez,UK,Manchester,emma.gonzalez_97@email.com,2022-01-15
1099,Emma,Brown,Netherlands,Rotterdam,emma.brown_98@email.com,2022-03-06
1100,Sarah,Jones,France,Marseille,sarah.jones_99@email.com,2023-06-05
1101,William,Williams,Netherlands,Rotterdam,william.williams_100@email.com,2022-12-10
1102,David,Gonzalez,Canada,Montreal,david.gonzalez_101@email.com,2022-05-09
1103,Patricia,Lopez,Canada,Montreal,patricia.lopez_102@email.com,2023-10-10
1104,Thomas,Johnson,Spain,Madrid,thomas.johnson_103@email.com,2023-04-17
1105,William,Miller,Netherlands,Amsterdam,william.miller_104@email.com,2022-03-04
1106,William,Smith,Spain,Madrid,william.smith_105@email.com,2022-05-19
1107,Jane,Davis,USA,Los Angeles,jane.davis_106@email.com,2023-05-14
1108,Mary,Brown,UK,Liverpool,mary.brown_107@email.com,2023-08-16
1109,William,Brown,France,Paris,william.brown_108@email.com,2023-01-27
1110,Michael,Davis,France,Marseille,michael.davis_109@email.com,2023-11-06
1111,James,Garcia,Spain,Madrid,james.garcia_110@email.com,2023-02-23
1112,Patricia,Jones,UK,Manchester,patricia.jones_111@email.com,2022-10-16
1113,Sarah,Gonzalez,Germany,Munich,sarah.gonzalez_112@email.com,2023-01-14
1114,Michael,Brown,France,Marseille,michael.brown_113@email.com,2023-05-05
1115,Lisa,Brown,Germany,Munich,lisa.brown_114@email.com,2022-08-19
1116,Robert,Smith,UK,Manchester,robert.smith_115@email.com,2022-02-10
1117,David,Hernandez,Germany,Hamburg,david.hernandez_116@email.com,2022-01-28
1118,Thomas,Brown,USA,Houston,thomas.brown_117@email.com,2022-05-15
1119,William,Miller,Netherlands,Rotterdam,william.miller_118@email.com,2022-07-20
1120,Patricia,Garcia,Canada,Vancouver,patricia.garcia_119@email.com,2022-02-02
1121,James,Jones,Canada,Toronto,james.jones_120@email.com,2022-02-17
1122,Sarah,Johnson,Spain,Valencia,sarah.johnson_121@email.com,2023-05-18
1123,William,Gonzalez,USA,New York,william.gonzalez_122@email.com,2023-02-11
1124,Emma,Jones,France,Lyon,emma.jones_123@email.com,2023-07-28
1125,Jennifer,Garcia,Spain,Barcelona,jennifer.garcia_124@email.com,2023-12-29
1126,Richard,Hernandez,Spain,Madrid,richard.hernandez_125@email.com,2022-04-09
1127,Richard,Rodriguez,Canada,Vancouver,richard.rodriguez_126@email.com,2023-11-15
1128,John,Miller,UK,Liverpool,john.miller_127@email.com,2023-12-27
1129,Sarah,Hernandez,France,Marseille,sarah.hernandez_128@email.com,2023-07-01
1130,Jennifer,Rodriguez,Spain,Valencia,jennifer.rodriguez_129@email.com,2023-09-05
1131,John,Garcia,France,Lyon,john.garcia_130@email.com,2023-04-07
1132,Richard,Smith,Netherlands,The Hague,richard.smith_131@email.com,2023-10-05
1133,Emma,Johnson,UK,Liverpool,emma.johnson_132@email.com,2022-01-05
1134,Robert,Jones,France,Lyon,robert.jones_133@email.com,2022-08-06
1135,David,Williams,Germany,Berlin,david.williams_134@email.com,2023-05-18
1136,Jane,Martinez,Spain,Madrid,jane.martinez_135@email.com,2023-02-02
1137,Sarah,Jones,Germany,Munich,sarah.jones_136@email.com,2023-01-28
1138,Thomas,Smith,UK,Liverpool,thomas.smith_137@email.com,2022-07-26
1139,Mary,Johnson,USA,New York,mary.johnson_138@email.com,2022-01-15
1140,Thomas,Martinez,Germany,Berlin,thomas.martinez_139@email.com,2023-07-08
1141,Patricia,Miller,Spain,Madrid,patricia.miller_140@email.com,2023-04-06
1142,Emma,Garcia,Spain,Barcelona,emma.garcia_141@email.com,2023-11-22
1143,Sarah,Lopez,Canada,Toronto,sarah.lopez_142@email.com,2023-07-29
1144,William,Gonzalez,UK,London,william.gonzalez_143@email.com,2022-08-29
1145,Lisa,Garcia,Canada,Vancouver,lisa.garcia_144@email.com,2023-07-18
1146,Robert,Miller,Spain,Barcelona,robert.miller_145@email.com,2022-04-06
1147,Thomas,Martinez,Netherlands,Rotterdam,thomas.martinez_146@email.com,2023-04-30
1148,Thomas,Rodriguez,Spain,Madrid,thomas.rodriguez_147@email.com,2023-02-11
1149,William,Johnson,Canada,Toronto,william.johnson_148@email.com,2022-08-19
1150,Lisa,Miller,Canada,Vancouver,lisa.miller_149@email.com,2023-10-17
1151,Michael,Martinez,UK,Liverpool,michael.martinez_150@email.com,2022-06-20
1152,David,Brown,USA,Houston,david.brown_151@email.com,2023-06-25
1153,Michael,Jones,Netherlands,Amsterdam,michael.jones_152@email.com,2022-02-05
1154,Sarah,Smith,Poland,Warsaw,sarah.smith_153@email.com,2023-06-09
1155,Patricia,Lopez,Spain,Barcelona,patricia.lopez_154@email.com,2022-06-09
1156,James,Miller,USA,Los Angeles,james.miller_155@email.com,2023-11-30
1157,James,Smith,UK,Liverpool,james.smith_156@email.com,2022-08-31
1158,David,Rodriguez,France,Marseille,david.rodriguez_157@email.com,2022-03-27
1159,Patricia,Gonzalez,USA,Chicago,patricia.gonzalez_158@email.com,2023-08-01
1160,Mary,Rodriguez,Spain,Madrid,mary.rodriguez_159@email.com,2023-11-13
1161,Robert,Hernandez,USA,Houston,robert.hernandez_160@email.com,2023-07-11
1162,Thomas,Lopez,Germany,Hamburg,thomas.lopez_161@email.com,2023-07-28
1163,Mary,Lopez,Canada,Toronto,mary.lopez_162@email.com,2023-10-08
1164,Robert,Lopez,Canada,Vancouver,robert.lopez_163@email.com,2022-01-28
1165,Emma,Hernandez,Spain,Madrid,emma.hernandez_164@email.com,2023-09-12
1166,Sarah,Brown,Germany,Munich,sarah.brown_165@email.com,2023-07-10
1167,Michael,Garcia,Netherlands,Amsterdam,michael.garcia_166@email.com,2022-12-06
1168,James,Miller,Canada,Vancouver,james.miller_167@email.com,2022-11-27
1169,Lisa,Johnson,UK,Liverpool,lisa.johnson_168@email.com,2023-10-02
1170,Jane,Hernandez,Canada,Vancouver,jane.hernandez_169@email.com,2023-05-21
1171,Richard,Garcia,Poland,Wroclaw,richard.garcia_170@email.com,2022-12-14
1172,John,Martinez,Netherlands,Rotterdam,john.martinez_171@email.com,2023-04-18
1173,Jennifer,Garcia,Poland,Wroclaw,jennifer.garcia_172@email.com,2022-08-19
1174,Jane,Hernandez,Poland,Wroclaw,jane.hernandez_173@email.com,2022-07-09
1175,Michael,Johnson,UK,Manchester,michael.johnson_174@email.com,2022-08-13
1176,William,Lopez,Germany,Munich,william.lopez_175@email.com,2023-01-20
1177,Michael,Jones,Poland,Warsaw,michael.jones_176@email.com,2023-01-12
1178,Richard,Rodriguez,Netherlands,Rotterdam,richard.rodriguez_177@email.com,2022-10-10
1179,William,Jones,Canada,Toronto,william.jones_178@email.com,2023-09-25
1180,Robert,Hernandez,Spain,Barcelona,robert.hernandez_179@email.com,2023-09-20
1181,Mary,Miller,Netherlands,Amsterdam,mary.miller_180@email.com,2022-09-16
1182,Jane,Garcia,USA,Houston,jane.garcia_181@email.com,2022-12-25
1183,Robert,Miller,Canada,Montreal,robert.miller_182@email.com,2023-12-11
1184,Robert,Lopez,UK,Manchester,robert.lopez_183@email.com,2023-04-01
1185,Mary,Jones,Poland,Warsaw,mary.jones_184@email.com,2023-02-15
1186,Lisa,Rodriguez,Spain,Barcelona,lisa.rodriguez_185@email.com,2023-10-11
1187,James,Williams,Poland,Warsaw,james.williams_186@email.com,2022-11-14
1188,David,Brown,UK,London,david.brown_187@email.com,2023-11-08
1189,James,Miller,Netherlands,Rotterdam,james.miller_188@email.com,2022-08-13
1190,Jennifer,Hernandez,USA,Houston,jennifer.hernandez_189@email.com,2022-08-22
1191,John,Miller,Canada,Montreal,john.miller_190@email.com,2023-11-15
1192,William,Hernandez,Netherlands,Amsterdam,william.hernandez_191@email.com,2023-10-26
1193,Patricia,Lopez,USA,Houston,patricia.lopez_192@email.com,2023-01-09
1194,Jane,Williams,France,Lyon,jane.williams_193@email.com,2023-11-03
1195,William,Martinez,Poland,Wroclaw,william.martinez_194@email.com,2023-08-31
1196,Thomas,Martinez,Canada,Vancouver,thomas.martinez_195@email.com,2023-04-17
1197,James,Jones,Canada,Toronto,james.jones_196@email.com,2022-08-21
1198,Richard,Miller,USA,Chicago,richard.miller_197@email.com,2023-11-23
1199,David,Rodriguez,France,Paris,david.rodriguez_198@email.com,2022-04-23
1200,Richard,Smith,Spain,Madrid,richard.smith_199@email.com,2023-05-12
1201,William,Jones,Germany,Hamburg,william.jones_200@email.com,2023-03-18
1202,Emma,Jones,Spain,Valencia,emma.jones_201@email.com,2023-07-18
1203,Jane,Brown,Canada,Toronto,jane.brown_202@email.com,2022-09-25
1204,David,Miller,Canada,Montreal,david.miller_203@email.com,2023-05-25
1205,Robert,Gonzalez,UK,Liverpool,robert.gonzalez_204@email.com,2023-01-21
1206,Michael,Martinez,USA,Los Angeles,michael.martinez_205@email.com,2023-01-22
1207,Lisa,Martinez,France,Lyon,lisa.martinez_206@email.com,2022-04-23
1208,John,Hernandez,Germany,Munich,john.hernandez_207@email.com,2023-09-05
1209,Patricia,Garcia,Spain,Valencia,patricia.garcia_208@email.com,2023-09-17
1210,Thomas,Davis,USA,Los Angeles,thomas.davis_209@email.com,2022-03-22
1211,Patricia,Davis,Netherlands,Amsterdam,patricia.davis_210@email.com,2023-11-30
1212,David,Davis,UK,London,david.davis_211@email.com,2022-04-23
1213,James,Hernandez,France,Paris,james.hernandez_212@email.com,2022-01-02
1214,Richard,Brown,UK,Manchester,richard.brown_213@email.com,2023-10-04
1215,Michael,Rodriguez,Canada,Toronto,michael.rodriguez_214@email.com,2022-08-08
1216,James,Davis,UK,London,james.davis_215@email.com,2023-07-20
1217,Thomas,Gonzalez,Germany,Hamburg,thomas.gonzalez_216@email.com,2022-08-13
1218,Jane,Gonzalez,Canada,Toronto,jane.gonzalez_217@email.com,2023-01-20
1219,Jennifer,Lopez,Spain,Valencia,jennifer.lopez_218@email.com,2023-02-07
1220,William,Williams,Spain,Madrid,william.williams_219@email.com,2023-09-30
1221,David,Hernandez,Netherlands,Amsterdam,david.hernandez_220@email.com,2022-05-10
1222,Jennifer,Johnson,Canada,Montreal,jennifer.johnson_221@email.com,2022-02-22
1223,William,Jones,Canada,Vancouver,william.jones_222@email.com,2023-11-15
1224,James,Rodriguez,France,Lyon,james.rodriguez_223@email.com,2023-12-31
1225,Mary,Hernandez,Canada,Montreal,mary.hernandez_224@email.com,2023-11-03
1226,Sarah,Hernandez,Germany,Hamburg,sarah.hernandez_225@email.com,2023-12-11
1227,Michael,Martinez,Netherlands,Rotterdam,michael.martinez_226@email.com,2023-02-20
1228,Emma,Garcia,France,Marseille,emma.garcia_227@email.com,2022-09-04
1229,Richard,Johnson,Germany,Hamburg,richard.johnson_228@email.com,2023-03-15
1230,Michael,Gonzalez,UK,Liverpool,michael.gonzalez_229@email.com,2022-07-22
1231,James,Brown,Spain,Valencia,james.brown_230@email.com,2022-07-03
1232,Richard,Hernandez,Netherlands,The Hague,richard.hernandez_231@email.com,2022-05-03
1233,Thomas,Jones,Poland,Krakow,thomas.jones_232@email.com,2023-02-05
1234,James,Brown,Spain,Valencia,james.brown_233@email.com,2022-10-21
1235,Thomas,Gonzalez,USA,Chicago,thomas.gonzalez_234@email.com,2022-10-07
1236,John,Brown,Spain,Madrid,john.brown_235@email.com,2023-09-02
1237,Mary,Williams,Spain,Barcelona,mary.williams_236@email.com,2022-07-17
1238,Emma,Smith,Canada,Toronto,emma.smith_237@email.com,2023-05-26
1239,Lisa,Smith,Germany,Munich,lisa.smith_238@email.com,2022-05-24
1240,John,Brown,Canada,Vancouver,john.brown_239@email.com,2023-09-01
1241,Jane,Davis,Canada,Montreal,jane.davis_240@email.com,2022-07-20
1242,Thomas,Martinez,Poland,Krakow,thomas.martinez_241@email.com,2022-05-04
1243,Emma,Gonzalez,Poland,Krakow,emma.gonzalez_242@email.com,2022-07-06
1244,Thomas,Johnson,Netherlands,The Hague,thomas.johnson_243@email.com,2022-11-22
1245,Jennifer,Davis,Canada,Toronto,jennifer.davis_244@email.com,2023-04-09
1246,Richard,Miller,Poland,Krakow,richard.miller_245@email.com,2022-12-15
1247,David,Hernandez,France,Marseille,david.hernandez_246@email.com,2023-10-22
1248,Sarah,Martinez,France,Paris,sarah.martinez_247@email.com,2023-02-07
1249,John,Brown,Netherlands,Rotterdam,john.brown_248@email.com,2022-12-12
1250,Sarah,Lopez,France,Lyon,sarah.lopez_249@email.com,2023-05-26
1251,Thomas,Lopez,Netherlands,Rotterdam,thomas.lopez_250@email.com,2022-05-27
1252,Mary,Miller,USA,New York,mary.miller_251@email.com,2022-05-28
1253,Jane,Davis,Poland,Warsaw,jane.davis_252@email.com,2023-12-12
1254,Jane,Miller,Canada,Vancouver,jane.miller_253@email.com,2023-05-04
1255,Patricia,Brown,Netherlands,Rotterdam,patricia.brown_254@email.com,2023-10-02
1256,Lisa,Williams,Netherlands,Amsterdam,lisa.williams_255@email.com,2023-07-05
1257,Jennifer,Hernandez,Germany,Hamburg,jennifer.hernandez_256@email.com,2022-12-04
1258,Jane,Lopez,Canada,Toronto,jane.lopez_257@email.com,2023-10-03
1259,Richard,Smith,USA,Houston,richard.smith_258@email.com,2023-04-18
1260,James,Gonzalez,Germany,Munich,james.gonzalez_259@email.com,2022-05-31
1261,Richard,Gonzalez,Poland,Wroclaw,richard.gonzalez_260@email.com,2023-02-19
1262,Michael,Johnson,UK,Liverpool,michael.johnson_261@email.com,2022-10-25
1263,Michael,Gonzalez,Canada,Montreal,michael.gonzalez_262@email.com,2023-09-03
1264,William,Miller,UK,London,william.miller_263@email.com,2022-09-20
1265,Lisa,Brown,Canada,Vancouver,lisa.brown_264@email.com,2022-05-24
1266,James,Williams,USA,Los Angeles,james.williams_265@email.com,2022-12-12
1267,Michael,Gonzalez,Germany,Munich,michael.gonzalez_266@email.com,2023-09-16
1268,David,Lopez,Netherlands,The Hague,david.lopez_267@email.com,2023-07-26
1269,James,Rodriguez,Germany,Munich,james.rodriguez_268@email.com,2022-01-02
1270,Jennifer,Davis,UK,Liverpool,jennifer.davis_269@email.com,2022-10-31
1271,Mary,Smith,Canada,Toronto,mary.smith_270@email.com,2022-09-11
1272,Robert,Rodriguez,Spain,Madrid,robert.rodriguez_271@email.com,2023-10-14
1273,Sarah,Brown,Poland,Krakow,sarah.brown_272@email.com,2023-03-29
1274,Thomas,Johnson,Netherlands,Amsterdam,thomas.johnson_273@email.com,2022-02-06
1275,James,Davis,UK,Manchester,james.davis_274@email.com,2022-06-09
1276,Richard,Williams,Poland,Wroclaw,richard.williams_275@email.com,2022-01-09
1277,Patricia,Gonzalez,Netherlands,Amsterdam,patricia.gonzalez_276@email.com,2022-08-21
1278,Patricia,Davis,Poland,Wroclaw,patricia.davis_277@email.com,2022-04-09
1279,Sarah,Hernandez,Canada,Montreal,sarah.hernandez_278@email.com,2023-10-21
1280,Patricia,Rodriguez,USA,Los Angeles,patricia.rodriguez_279@email.com,2022-07-27
1281,David,Rodriguez,UK,London,david.rodriguez_280@email.com,2022-05-11
1282,Robert,Martinez,France,Paris,robert.martinez_281@email.com,2023-02-08
1283,William,Garcia,Spain,Valencia,william.garcia_282@email.com,2022-06-01
1284,William,Gonzalez,France,Lyon,william.gonzalez_283@email.com,2022-02-23
1285,Emma,Davis,UK,Manchester,emma.davis_284@email.com,2022-04-30
1286,Lisa,Martinez,Netherlands,The Hague,lisa.martinez_285@email.com,2023-11-04
1287,Thomas,Lopez,UK,Liverpool,thomas.lopez_286@email.com,2023-09-20
1288,James,Rodriguez,UK,Liverpool,james.rodriguez_287@email.com,2023-08-10
1289,Lisa,Miller,Canada,Toronto,lisa.miller_288@email.com,2023-09-17
1290,Jane,Rodriguez,Germany,Munich,jane.rodriguez_289@email.com,2023-02-24
1291,Sarah,Davis,Spain,Barcelona,sarah.davis_290@email.com,2023-02-26
1292,Sarah,Williams,USA,Chicago,sarah.williams_291@email.com,2022-04-14
1293,Jane,Lopez,USA,Houston,jane.lopez_292@email.com,2022-09-11
1294,Emma,Davis,Poland,Krakow,emma.davis_293@email.com,2022-08-15
1295,John,Davis,USA,Chicago,john.davis_294@email.com,2022-04-22
1296,Mary,Jones,Spain,Valencia,mary.jones_295@email.com,2023-05-25
1297,James,Gonzalez,Poland,Wroclaw,james.gonzalez_296@email.com,2023-04-18
1298,Sarah,Brown,Poland,Warsaw,sarah.brown_297@email.com,2022-04-09
1299,Mary,Hernandez,Netherlands,The Hague,mary.hernandez_298@email.com,2022-06-02
1300,Sarah,Jones,Germany,Hamburg,sarah.jones_299@email.com,2022-12-04
1301,John,Gonzalez,France,Lyon,john.gonzalez_300@email.com,2023-12-07
1302,Jane,Gonzalez,Netherlands,Amsterdam,jane.gonzalez_301@email.com,2022-06-12
1303,Patricia,Rodriguez,Germany,Munich,patricia.rodriguez_302@email.com,2023-12-21
1304,William,Davis,Germany,Berlin,william.davis_303@email.com,2023-11-12
1305,John,Hernandez,Germany,Hamburg,john.hernandez_304@email.com,2022-06-10
1306,Sarah,Brown,UK,Liverpool,sarah.brown_305@email.com,2023-08-03
1307,Jane,Jones,Netherlands,Rotterdam,jane.jones_306@email.com,2023-02-02
1308,Thomas,Davis,France,Lyon,thomas.davis_307@email.com,2022-10-04
1309,John,Johnson,Canada,Vancouver,john.johnson_308@email.com,2023-05-19
1310,Jennifer,Lopez,Germany,Hamburg,jennifer.lopez_309@email.com,2023-01-27
1311,Emma,Jones,France,Marseille,emma.jones_310@email.com,2022-05-15
1312,Jane,Brown,Canada,Montreal,jane.brown_311@email.com,2022-07-14
1313,James,Jones,Spain,Madrid,james.jones_312@email.com,2023-02-05
1314,Sarah,Garcia,Canada,Vancouver,sarah.garcia_313@email.com,2023-10-02
1315,David,Garcia,Spain,Madrid,david.garcia_314@email.com,2022-02-02
1316,William,Rodriguez,USA,Los Angeles,william.rodriguez_315@email.com,2023-11-19
1317,Lisa,Johnson,Canada,Vancouver,lisa.johnson_316@email.com,2023-04-05
1318,Sarah,Williams,Spain,Barcelona,sarah.williams_317@email.com,2023-04-15
1319,James,Williams,Germany,Hamburg,james.williams_318@email.com,2023-01-10
1320,Michael,Brown,UK,Liverpool,michael.brown_319@email.com,2022-01-22
1321,Patricia,Miller,Canada,Montreal,patricia.miller_320@email.com,2023-11-01
1322,Thomas,Lopez,Poland,Krakow,thomas.lopez_321@email.com,2022-02-07
1323,Thomas,Williams,Spain,Madrid,thomas.williams_322@email.com,2022-08-18
1324,Mary,Lopez,Netherlands,The Hague,mary.lopez_323@email.com,2022-12-31
1325,Mary,Brown,Spain,Valencia,mary.brown_324@email.com,2023-07-17
1326,Lisa,Johnson,Canada,Toronto,lisa.johnson_325@email.com,2023-03-14
1327,Sarah,Miller,Spain,Barcelona,sarah.miller_326@email.com,2022-10-10
1328,Richard,Miller,France,Marseille,richard.miller_327@email.com,2022-01-27
1329,Lisa,Garcia,Netherlands,Rotterdam,lisa.garcia_328@email.com,2022-08-14
1330,Richard,Rodriguez,Canada,Montreal,richard.rodriguez_329@email.com,2022-10-04
1331,Robert,Davis,UK,Manchester,robert.davis_330@email.com,2023-09-01
1332,Sarah,Miller,France,Paris,sarah.miller_331@email.com,2022-10-11
1333,Jane,Smith,Netherlands,The Hague,jane.smith_332@email.com,2023-04-26
1334,Jane,Brown,Poland,Wroclaw,jane.brown_333@email.com,2023-03-29
1335,William,Miller,Spain,Valencia,william.miller_334@email.com,2023-10-21
1336,Robert,Miller,Spain,Valencia,robert.miller_335@email.com,2023-05-31
1337,Emma,Gonzalez,USA,New York,emma.gonzalez_336@email.com,2023-07-01
1338,Robert,Martinez,Netherlands,The Hague,robert.martinez_337@email.com,2022-07-11
1339,Robert,Lopez,Spain,Valencia,robert.lopez_338@email.com,2022-02-18
1340,Lisa,Smith,USA,Houston,lisa.smith_339@email.com,2023-05-27
1341,Jennifer,Gonzalez,USA,Chicago,jennifer.gonzalez_340@email.com,2022-01-17
1342,Patricia,Martinez,Canada,Toronto,patricia.martinez_341@email.com,2022-06-21
1343,John,Miller,Spain,Barcelona,john.miller_342@email.com,2022-08-08
1344,William,Davis,France,Lyon,william.davis_343@email.com,2022-06-07
1345,William,Smith,Poland,Warsaw,william.smith_344@email.com,2023-04-22
1346,William,Garcia,France,Paris,william.garcia_345@email.com,2022-02-15
1347,Jane,Jones,France,Lyon,jane.jones_346@email.com,2023-01-08
1348,John,Gonzalez,Spain,Barcelona,john.gonzalez_347@email.com,2023-06-02
1349,Robert,Miller,Germany,Berlin,robert.miller_348@email.com,2022-04-09
1350,Patricia,Miller,UK,London,patricia.miller_349@email.com,2022-02-06
1351,Emma,Rodriguez,USA,Los Angeles,emma.rodriguez_350@email.com,2022-10-07
1352,Richard,Lopez,Spain,Madrid,richard.lopez_351@email.com,2022-12-15
1353,Jennifer,Lopez,Canada,Toronto,jennifer.lopez_352@email.com,2023-05-12
1354,Jane,Rodriguez,USA,Chicago,jane.rodriguez_353@email.com,2022-10-29
1355,Sarah,Gonzalez,Poland,Warsaw,sarah.gonzalez_354@email.com,2022-06-30
1356,Sarah,Martinez,Germany,Hamburg,sarah.martinez_355@email.com,2023-08-30
1357,Sarah,Brown,UK,Liverpool,sarah.brown_356@email.com,2022-04-09
1358,James,Davis,Spain,Valencia,james.davis_357@email.com,2023-12-01
1359,Lisa,Brown,Poland,Wroclaw,lisa.brown_358@email.com,2022-04-26
1360,Michael,Jones,Netherlands,Amsterdam,michael.jones_359@email.com,2022-07-10
1361,Robert,Miller,Germany,Hamburg,robert.miller_360@email.com,2022-09-10
1362,Michael,Davis,France,Lyon,michael.davis_361@email.com,2022-06-10
1363,David,Smith,Germany,Hamburg,david.smith_362@email.com,2022-09-13
1364,Lisa,Miller,Poland,Warsaw,lisa.miller_363@email.com,2022-11-19
1365,Sarah,Garcia,Spain,Valencia,sarah.garcia_364@email.com,2022-05-08
1366,Jennifer,Hernandez,Germany,Munich,jennifer.hernandez_365@email.com,2022-01-18
1367,Thomas,Hernandez,Spain,Madrid,thomas.hernandez_366@email.com,2023-07-20
1368,Jane,Gonzalez,Canada,Toronto,jane.gonzalez_367@email.com,2023-07-24
1369,Lisa,Miller,Spain,Madrid,lisa.miller_368@email.com,2022-11-19
1370,Richard,Lopez,Poland,Wroclaw,richard.lopez_369@email.com,2023-11-17
1371,Jennifer,Williams,UK,Liverpool,jennifer.williams_370@email.com,2023-09-18
1372,Jennifer,Davis,Canada,Toronto,jennifer.davis_371@email.com,2022-10-15
1373,James,Williams,UK,Liverpool,james.williams_372@email.com,2023-10-25
1374,Jane,Martinez,Germany,Munich,jane.martinez_373@email.com,2023-10-01
1375,John,Rodriguez,France,Paris,john.rodriguez_374@email.com,2022-06-04
1376,William,Smith,Netherlands,Rotterdam,william.smith_375@email.com,2023-05-05
1377,James,Miller,Poland,Krakow,james.miller_376@email.com,2023-01-21
1378,Jennifer,Martinez,UK,Liverpool,jennifer.martinez_377@email.com,2022-04-14
1379,John,Martinez,Netherlands,The Hague,john.martinez_378@email.com,2023-01-28
1380,Jane,Hernandez,USA,Los Angeles,jane.hernandez_379@email.com,2022-09-03
1381,Thomas,Smith,Spain,Barcelona,thomas.smith_380@email.com,2022-06-25
1382,Richard,Johnson,UK,Liverpool,richard.johnson_381@email.com,2022-02-08
1383,Jennifer,Hernandez,Canada,Vancouver,jennifer.hernandez_382@email.com,2023-04-22
1384,Sarah,Miller,Poland,Wroclaw,sarah.miller_383@email.com,2023-11-13
1385,Michael,Williams,Spain,Barcelona,michael.williams_384@email.com,2023-06-22
1386,Robert,Davis,Netherlands,Amsterdam,robert.davis_385@email.com,2023-02-12
1387,Lisa,Williams,Poland,Wroclaw,lisa.williams_386@email.com,2023-06-09
1388,Lisa,Smith,UK,London,lisa.smith_387@email.com,2023-05-21
1389,Sarah,Jones,France,Lyon,sarah.jones_388@email.com,2022-02-05
1390,Jennifer,Miller,Canada,Vancouver,jennifer.miller_389@email.com,2023-11-16
1391,Robert,Garcia,USA,Los Angeles,robert.garcia_390@email.com,2022-01-20
1392,Thomas,Brown,Poland,Krakow,thomas.brown_391@email.com,2022-11-17
1393,John,Davis,France,Marseille,john.davis_392@email.com,2023-05-27
1394,Michael,Garcia,UK,Liverpool,michael.garcia_393@email.com,2023-02-04
1395,Robert,Garcia,Canada,Vancouver,robert.garcia_394@email.com,2023-10-16
1396,John,Gonzalez,Spain,Barcelona,john.gonzalez_395@email.com,2023-04-16
1397,Robert,Miller,Netherlands,Rotterdam,robert.miller_396@email.com,2022-05-23
1398,David,Jones,UK,Manchester,david.jones_397@email.com,2022-04-02
1399,Thomas,Gonzalez,Germany,Hamburg,thomas.gonzalez_398@email.com,2022-12-20
1400,Richard,Miller,USA,Houston,richard.miller_399@email.com,2023-12-28
1401,Richard,Jones,USA,Los Angeles,richard.jones_400@email.com,2022-02-20
1402,Lisa,Johnson,Spain,Madrid,lisa.johnson_401@email.com,2023-10-27
1403,David,Davis,Canada,Montreal,david.davis_402@email.com,2023-11-29
1404,Robert,Smith,UK,London,robert.smith_403@email.com,2023-07-29
1405,Patricia,Lopez,UK,Manchester,patricia.lopez_404@email.com,2022-07-09
1406,Patricia,Rodriguez,France,Paris,patricia.rodriguez_405@email.com,2022-05-05
1407,Richard,Smith,Germany,Hamburg,richard.smith_406@email.com,2022-05-30
1408,James,Garcia,Netherlands,Rotterdam,james.garcia_407@email.com,2022-11-10
1409,William,Brown,Canada,Vancouver,william.brown_408@email.com,2023-07-24
1410,Patricia,Hernandez,Poland,Wroclaw,patricia.hernandez_409@email.com,2022-12-08
1411,Lisa,Johnson,Netherlands,Amsterdam,lisa.johnson_410@email.com,2022-11-01
1412,Michael,Gonzalez,Germany,Hamburg,michael.gonzalez_411@email.com,2023-11-23
1413,Sarah,Hernandez,Netherlands,The Hague,sarah.hernandez_412@email.com,2023-11-13
1414,David,Smith,UK,London,david.smith_413@email.com,2022-02-23
1415,Sarah,Gonzalez,Canada,Vancouver,sarah.gonzalez_414@email.com,2023-03-20
1416,John,Smith,Netherlands,Amsterdam,john.smith_415@email.com,2023-09-05
1417,Mary,Brown,Spain,Madrid,mary.brown_416@email.com,2022-09-21
1418,Patricia,Brown,USA,Chicago,patricia.brown_417@email.com,2022-02-22
1419,James,Smith,Poland,Krakow,james.smith_418@email.com,2023-07-26
1420,John,Martinez,France,Marseille,john.martinez_419@email.com,2023-09-12
1421,Patricia,Williams,Canada,Toronto,patricia.williams_420@email.com,2022-01-05
1422,Emma,Brown,Canada,Vancouver,emma.brown_421@email.com,2022-04-13
1423,John,Williams,France,Paris,john.williams_422@email.com,2022-07-15
1424,John,Davis,Poland,Warsaw,john.davis_423@email.com,2022-12-16
1425,Mary,Hernandez,UK,Manchester,mary.hernandez_424@email.com,2022-02-16
1426,Lisa,Johnson,Poland,Krakow,lisa.johnson_425@email.com,2023-10-18
1427,James,Martinez,Poland,Warsaw,james.martinez_426@email.com,2022-09-26
1428,Thomas,Brown,USA,Houston,thomas.brown_427@email.com,2023-01-05
1429,Jennifer,Davis,Netherlands,Amsterdam,jennifer.davis_428@email.com,2023-09-28
1430,James,Lopez,Spain,Barcelona,james.lopez_429@email.com,2022-04-16
1431,Michael,Jones,France,Marseille,michael.jones_430@email.com,2023-11-01
1432,John,Gonzalez,UK,Manchester,john.gonzalez_431@email.com,2023-10-21
1433,James,Garcia,Canada,Toronto,james.garcia_432@email.com,2023-10-19
1434,Jane,Williams,UK,Manchester,jane.williams_433@email.com,2022-04-30
1435,Jennifer,Martinez,France,Paris,jennifer.martinez_434@email.com,2023-08-27
1436,Michael,Martinez,USA,Chicago,michael.martinez_435@email.com,2022-02-27
1437,Jane,Lopez,USA,Los Angeles,jane.lopez_436@email.com,2022-12-12
1438,Mary,Lopez,Poland,Warsaw,mary.lopez_437@email.com,2023-04-19
1439,Jane,Johnson,France,Lyon,jane.johnson_438@email.com,2022-04-27
1440,William,Gonzalez,Germany,Berlin,william.gonzalez_439@email.com,2022-05-07
1441,Jennifer,Williams,France,Marseille,jennifer.williams_440@email.com,2023-01-28
1442,Sarah,Jones,UK,Liverpool,sarah.jones_441@email.com,2023-10-03
1443,Robert,Johnson,France,Lyon,robert.johnson_442@email.com,2022-02-27
1444,Jane,Martinez,France,Paris,jane.martinez_443@email.com,2023-09-26
1445,Thomas,Smith,France,Paris,thomas.smith_444@email.com,2023-05-28
1446,Mary,Jones,Poland,Warsaw,mary.jones_445@email.com,2022-04-06
1447,Sarah,Martinez,Germany,Munich,sarah.martinez_446@email.com,2023-09-30
1448,Mary,Hernandez,USA,Houston,mary.hernandez_447@email.com,2022-04-28
1449,Mary,Miller,Spain,Valencia,mary.miller_448@email.com,2023-07-14
1450,John,Miller,Germany,Berlin,john.miller_449@email.com,2023-08-24
1451,Mary,Lopez,Germany,Hamburg,mary.lopez_450@email.com,2023-05-03
1452,Jane,Brown,Spain,Barcelona,jane.brown_451@email.com,2022-08-25
1453,Robert,Johnson,Germany,Munich,robert.johnson_452@email.com,2022-09-29
1454,William,Martinez,UK,Liverpool,william.martinez_453@email.com,2022-07-08
1455,Mary,Lopez,USA,New York,mary.lopez_454@email.com,2023-12-05
1456,Mary,Hernandez,Germany,Berlin,mary.hernandez_455@email.com,2023-03-23
1457,James,Brown,USA,New York,james.brown_456@email.com,2023-08-04
1458,Emma,Johnson,Poland,Krakow,emma.johnson_457@email.com,2022-09-04
1459,Thomas,Lopez,France,Paris,thomas.lopez_458@email.com,2022-03-17
1460,David,Gonzalez,Poland,Warsaw,david.gonzalez_459@email.com,2022-06-03
1461,Sarah,Jones,USA,Houston,sarah.jones_460@email.com,2023-10-18
1462,William,Hernandez,Germany,Berlin,william.hernandez_461@email.com,2023-03-11
1463,Patricia,Martinez,Spain,Barcelona,patricia.martinez_462@email.com,2022-03-27
1464,Emma,Gonzalez,USA,Los Angeles,emma.gonzalez_463@email.com,2023-11-28
1465,Sarah,Johnson,Germany,Munich,sarah.johnson_464@email.com,2022-10-12
1466,David,Gonzalez,Netherlands,Amsterdam,david.gonzalez_465@email.com,2022-08-08
1467,Robert,Martinez,UK,London,robert.martinez_466@email.com,2022-03-10
1468,Michael,Gonzalez,UK,London,michael.gonzalez_467@email.com,2022-02-16
1469,William,Smith,Canada,Vancouver,william.smith_468@email.com,2022-04-04
1470,William,Garcia,Canada,Montreal,william.garcia_469@email.com,2023-03-29
1471,David,Rodriguez,Poland,Wroclaw,david.rodriguez_470@email.com,2022-07-23
1472,Lisa,Miller,UK,Manchester,lisa.miller_471@email.com,2022-08-06
1473,Emma,Hernandez,Canada,Toronto,emma.hernandez_472@email.com,2023-04-19
1474,Thomas,Garcia,France,Paris,thomas.garcia_473@email.com,2023-03-08
1475,Richard,Johnson,USA,Houston,richard.johnson_474@email.com,2022-12-07
1476,Thomas,Rodriguez,Spain,Valencia,thomas.rodriguez_475@email.com,2023-07-05
1477,Jane,Hernandez,Canada,Montreal,jane.hernandez_476@email.com,2023-09-04
1478,John,Garcia,USA,New York,john.garcia_477@email.com,2022-10-16
1479,Lisa,Smith,USA,Los Angeles,lisa.smith_478@email.com,2022-09-11
1480,Mary,Miller,Canada,Montreal,mary.miller_479@email.com,2022-12-23
1481,Mary,Davis,Netherlands,Amsterdam,mary.davis_480@email.com,2022-01-23
1482,Jane,Johnson,Netherlands,Rotterdam,jane.johnson_481@email.com,2023-06-06
1483,Jane,Miller,UK,Manchester,jane.miller_482@email.com,2022-04-10
1484,James,Garcia,Canada,Toronto,james.garcia_483@email.com,2022-06-29
1485,Sarah,Hernandez,Canada,Montreal,sarah.hernandez_484@email.com,2022-08-11
1486,James,Davis,UK,Manchester,james.davis_485@email.com,2023-10-21
1487,David,Lopez,UK,London,david.lopez_486@email.com,2023-03-18
1488,Michael,Williams,Poland,Wroclaw,michael.williams_487@email.com,2023-08-31
1489,Thomas,Miller,Germany,Munich,thomas.miller_488@email.com,2022-11-21
1490,Emma,Williams,UK,London,emma.williams_489@email.com,2023-05-31
1491,Thomas,Lopez,Germany,Hamburg,thomas.lopez_490@email.com,2022-01-16
1492,Jane,Rodriguez,Spain,Valencia,jane.rodriguez_491@email.com,2022-12-02
1493,Thomas,Hernandez,Poland,Warsaw,thomas.hernandez_492@email.com,2022-09-15
1494,Sarah,Jones,Netherlands,The Hague,sarah.jones_493@email.com,2023-05-12
1495,Emma,Martinez,Spain,Barcelona,emma.martinez_494@email.com,2022-06-09
1496,David,Gonzalez,Canada,Toronto,david.gonzalez_495@email.com,2023-04-20
1497,Michael,Rodriguez,Netherlands,The Hague,michael.rodriguez_496@email.com,2023-10-26
1498,Lisa,Gonzalez,UK,Liverpool,lisa.gonzalez_497@email.com,2023-11-21
1499,Jennifer,Davis,UK,Liverpool,jennifer.davis_498@email.com,2023-11-06
1500,James,Davis,France,Marseille,james.davis_499@email.com,2023-01-15
